act_darwin_arm64.tar.gz,aarch64-macos
act_darwin_x86_64.tar.gz,x86_64-macos
act_linux_arm64.tar.gz,aarch64-linux
act_linux_i386.tar.gz,x86-linux
act_linux_x86_64.tar.gz,x86_64-linux
act_windows_arm64.zip,aarch64-windows
act_windows_i386.zip,x86-windows
act_windows_x86_64.zip,x86_64-windows
antidot_0.6.3_darwin_x86_64.tar.gz,x86_64-macos
antidot_0.6.3_linux_x86_64.tar.gz,x86_64-linux
battop-v0.2.4-x86_64-apple-darwin,x86_64-macos
battop-v0.2.4-x86_64-unknown-linux-gnu,x86_64-linux
bat-v0.21.0-aarch64-unknown-linux-gnu.tar.gz,aarch64-linux
bat-v0.21.0-i686-pc-windows-msvc.zip,x86-windows
bat-v0.21.0-i686-unknown-linux-musl.tar.gz,x86-linux
bat-v0.21.0-x86_64-apple-darwin.tar.gz,x86_64-macos
bat-v0.21.0-x86_64-pc-windows-msvc.zip,x86_64-windows
bat-v0.21.0-x86_64-unknown-linux-musl.tar.gz,x86_64-linux
bat-v0.22.0-aarch64-unknown-linux-gnu.tar.gz,aarch64-linux
bat-v0.22.0-i686-pc-windows-msvc.zip,x86-windows
bat-v0.22.0-i686-unknown-linux-musl.tar.gz,x86-linux
bat-v0.22.0-x86_64-apple-darwin.tar.gz,x86_64-macos
bat-v0.22.0-x86_64-pc-windows-msvc.zip,x86_64-windows
bat-v0.22.0-x86_64-unknown-linux-musl.tar.gz,x86_64-linux
bat-v0.22.1-aarch64-unknown-linux-gnu.tar.gz,aarch64-linux
bat-v0.22.1-i686-pc-windows-msvc.zip,x86-windows
bat-v0.22.1-i686-unknown-linux-musl.tar.gz,x86-linux
bat-v0.22.1-x86_64-apple-darwin.tar.gz,x86_64-macos
bat-v0.22.1-x86_64-pc-windows-msvc.zip,x86_64-windows
bat-v0.22.1-x86_64-unknown-linux-musl.tar.gz,x86_64-linux
changie_1.10.0_darwin_amd64.tar.gz,x86_64-macos
changie_1.10.0_darwin_arm64.tar.gz,aarch64-macos
changie_1.10.0_linux_386.tar.gz,x86-linux
changie_1.10.0_linux_amd64.tar.gz,x86_64-linux
changie_1.10.0_linux_arm64.tar.gz,aarch64-linux
changie_1.10.0_windows_386.zip,x86-windows
changie_1.10.0_windows_amd64.zip,x86_64-windows
changie_1.10.0_windows_arm64.zip,aarch64-windows
changie_1.10.1_darwin_amd64.tar.gz,x86_64-macos
changie_1.10.1_darwin_arm64.tar.gz,aarch64-macos
changie_1.10.1_linux_386.tar.gz,x86-linux
changie_1.10.1_linux_amd64.tar.gz,x86_64-linux
changie_1.10.1_linux_arm64.tar.gz,aarch64-linux
changie_1.10.1_windows_386.zip,x86-windows
changie_1.10.1_windows_amd64.zip,x86_64-windows
changie_1.10.1_windows_arm64.zip,aarch64-windows
changie_1.10.2_darwin_amd64.tar.gz,x86_64-macos
changie_1.10.2_darwin_arm64.tar.gz,aarch64-macos
changie_1.10.2_linux_386.tar.gz,x86-linux
changie_1.10.2_linux_amd64.tar.gz,x86_64-linux
changie_1.10.2_linux_arm64.tar.gz,aarch64-linux
changie_1.10.2_windows_386.zip,x86-windows
changie_1.10.2_windows_amd64.zip,x86_64-windows
changie_1.10.2_windows_arm64.zip,aarch64-windows
changie_1.8.0_darwin_amd64.tar.gz,x86_64-macos
changie_1.8.0_darwin_arm64.tar.gz,aarch64-macos
changie_1.8.0_linux_386.tar.gz,x86-linux
changie_1.8.0_linux_amd64.tar.gz,x86_64-linux
changie_1.8.0_linux_arm64.tar.gz,aarch64-linux
changie_1.8.0_windows_386.zip,x86-windows
changie_1.8.0_windows_amd64.zip,x86_64-windows
changie_1.8.0_windows_arm64.zip,aarch64-windows
changie_1.9.0_darwin_amd64.tar.gz,x86_64-macos
changie_1.9.0_darwin_arm64.tar.gz,aarch64-macos
changie_1.9.0_linux_386.tar.gz,x86-linux
changie_1.9.0_linux_amd64.tar.gz,x86_64-linux
changie_1.9.0_linux_arm64.tar.gz,aarch64-linux
changie_1.9.0_windows_386.zip,x86-windows
changie_1.9.0_windows_amd64.zip,x86_64-windows
changie_1.9.0_windows_arm64.zip,aarch64-windows
changie_1.9.1_darwin_amd64.tar.gz,x86_64-macos
changie_1.9.1_darwin_arm64.tar.gz,aarch64-macos
changie_1.9.1_linux_386.tar.gz,x86-linux
changie_1.9.1_linux_amd64.tar.gz,x86_64-linux
changie_1.9.1_linux_arm64.tar.gz,aarch64-linux
changie_1.9.1_windows_386.zip,x86-windows
changie_1.9.1_windows_amd64.zip,x86_64-windows
changie_1.9.1_windows_arm64.zip,aarch64-windows
checkmake-0.2.1.darwin.amd64,x86_64-macos
checkmake-0.2.1.linux.amd64,x86_64-linux
clyde-0.1.0%2b20220716t105940-303574d-x86_64-linux.tar.gz,x86_64-linux
clyde-0.1.0%2b20220716t105940-303574d-x86_64-macos.tar.gz,x86_64-macos
clyde-0.1.0%2b20220716t105940-303574d-x86_64-windows.zip,x86_64-windows
clyde-0.2.0-x86_64-linux.tar.gz,x86_64-linux
clyde-0.2.0-x86_64-macos.tar.gz,x86_64-macos
clyde-0.2.0-x86_64-windows.zip,x86_64-windows
clyde-0.2.1-x86_64-linux.tar.gz,x86_64-linux
clyde-0.2.1-x86_64-macos.tar.gz,x86_64-macos
clyde-0.2.1-x86_64-windows.zip,x86_64-windows
clyde-0.3.0-x86_64-linux.tar.gz,x86_64-linux
clyde-0.3.0-x86_64-macos.tar.gz,x86_64-macos
clyde-0.3.0-x86_64-windows.zip,x86_64-windows
clyde-0.3.1-x86_64-linux.tar.gz,x86_64-linux
clyde-0.3.1-x86_64-macos.tar.gz,x86_64-macos
clyde-0.3.1-x86_64-windows.zip,x86_64-windows
clyde-0.4.0-x86_64-linux.tar.gz,x86_64-linux
clyde-0.4.0-x86_64-macos.tar.gz,x86_64-macos
clyde-0.4.0-x86_64-windows.zip,x86_64-windows
clyde-0.4.1-x86_64-linux.tar.gz,x86_64-linux
clyde-0.4.1-x86_64-macos.tar.gz,x86_64-macos
clyde-0.4.1-x86_64-windows.zip,x86_64-windows
cmake-3.20.4-linux-x86_64.tar.gz,x86_64-linux
cmake-3.20.4-macos-universal.tar.gz,any-macos
cmake-3.21.0-linux-x86_64.tar.gz,x86_64-linux
cmake-3.21.0-macos-universal.tar.gz,any-macos
cmake-3.21.1-linux-x86_64.tar.gz,x86_64-linux
cmake-3.21.1-macos-universal.tar.gz,any-macos
cmake-3.21.2-linux-x86_64.tar.gz,x86_64-linux
cmake-3.21.2-macos-universal.tar.gz,any-macos
cmake-3.21.3-linux-x86_64.tar.gz,x86_64-linux
cmake-3.21.3-macos-universal.tar.gz,any-macos
cmake-3.21.4-linux-x86_64.tar.gz,x86_64-linux
cmake-3.21.4-macos-universal.tar.gz,any-macos
cmake-3.21.5-linux-x86_64.tar.gz,x86_64-linux
cmake-3.21.5-macos-universal.tar.gz,any-macos
cmake-3.22.0-linux-x86_64.tar.gz,x86_64-linux
cmake-3.22.0-macos-universal.tar.gz,any-macos
cmake-3.22.1-linux-x86_64.tar.gz,x86_64-linux
cmake-3.22.1-macos-universal.tar.gz,any-macos
cmake-3.22.2-linux-x86_64.tar.gz,x86_64-linux
cmake-3.22.2-macos-universal.tar.gz,any-macos
cmake-3.22.3-linux-x86_64.tar.gz,x86_64-linux
cmake-3.22.3-macos-universal.tar.gz,any-macos
cmake-3.22.5-linux-x86_64.tar.gz,x86_64-linux
cmake-3.22.5-macos-universal.tar.gz,any-macos
cmake-3.23.0-linux-x86_64.tar.gz,x86_64-linux
cmake-3.23.0-macos-universal.tar.gz,any-macos
cmake-3.23.1-linux-x86_64.tar.gz,x86_64-linux
cmake-3.23.1-macos-universal.tar.gz,any-macos
cmake-3.23.2-linux-x86_64.tar.gz,x86_64-linux
cmake-3.23.2-macos-universal.tar.gz,any-macos
cmake-3.24.0-linux-x86_64.tar.gz,x86_64-linux
cmake-3.24.0-macos10.10-universal.tar.gz,any-macos
cmake-3.24.0-windows-arm64.zip,aarch64-windows
cmake-3.24.0-windows-i386.zip,x86-windows
cmake-3.24.0-windows-x86_64.zip,x86_64-windows
cmake-3.24.1-linux-aarch64.tar.gz,aarch64-linux
cmake-3.24.1-linux-x86_64.tar.gz,x86_64-linux
cmake-3.24.1-macos10.10-universal.tar.gz,any-macos
cmake-3.24.1-windows-arm64.zip,aarch64-windows
cmake-3.24.1-windows-i386.zip,x86-windows
cmake-3.24.1-windows-x86_64.zip,x86_64-windows
cmake-3.24.2-linux-aarch64.tar.gz,aarch64-linux
cmake-3.24.2-linux-x86_64.tar.gz,x86_64-linux
cmake-3.24.2-macos-universal.tar.gz,any-macos
cmake-3.24.2-windows-arm64.zip,aarch64-windows
cmake-3.24.2-windows-i386.zip,x86-windows
cmake-3.24.2-windows-x86_64.zip,x86_64-windows
cmake-3.25.0-linux-aarch64.tar.gz,aarch64-linux
cmake-3.25.0-linux-x86_64.tar.gz,x86_64-linux
cmake-3.25.0-macos-universal.tar.gz,any-macos
cmake-3.25.0-rc1-linux-aarch64.tar.gz,aarch64-linux
cmake-3.25.0-rc1-linux-x86_64.tar.gz,x86_64-linux
cmake-3.25.0-rc1-macos-universal.tar.gz,any-macos
cmake-3.25.0-rc1-windows-arm64.zip,aarch64-windows
cmake-3.25.0-rc1-windows-i386.zip,x86-windows
cmake-3.25.0-rc1-windows-x86_64.zip,x86_64-windows
cmake-3.25.0-rc2-linux-aarch64.tar.gz,aarch64-linux
cmake-3.25.0-rc2-linux-x86_64.tar.gz,x86_64-linux
cmake-3.25.0-rc2-macos-universal.tar.gz,any-macos
cmake-3.25.0-rc2-windows-arm64.zip,aarch64-windows
cmake-3.25.0-rc2-windows-i386.zip,x86-windows
cmake-3.25.0-rc2-windows-x86_64.zip,x86_64-windows
cmake-3.25.0-rc3-linux-aarch64.tar.gz,aarch64-linux
cmake-3.25.0-rc3-linux-x86_64.tar.gz,x86_64-linux
cmake-3.25.0-rc3-macos-universal.tar.gz,any-macos
cmake-3.25.0-rc3-windows-arm64.zip,aarch64-windows
cmake-3.25.0-rc3-windows-i386.zip,x86-windows
cmake-3.25.0-rc3-windows-x86_64.zip,x86_64-windows
cmake-3.25.0-rc4-linux-aarch64.tar.gz,aarch64-linux
cmake-3.25.0-rc4-linux-x86_64.tar.gz,x86_64-linux
cmake-3.25.0-rc4-macos-universal.tar.gz,any-macos
cmake-3.25.0-rc4-windows-arm64.zip,aarch64-windows
cmake-3.25.0-rc4-windows-i386.zip,x86-windows
cmake-3.25.0-rc4-windows-x86_64.zip,x86_64-windows
cmake-3.25.0-windows-arm64.zip,aarch64-windows
cmake-3.25.0-windows-i386.zip,x86-windows
cmake-3.25.0-windows-x86_64.zip,x86_64-windows
cmake-3.25.1-linux-aarch64.tar.gz,aarch64-linux
cmake-3.25.1-linux-x86_64.tar.gz,x86_64-linux
cmake-3.25.1-macos-universal.tar.gz,any-macos
cmake-3.25.1-windows-arm64.zip,aarch64-windows
cmake-3.25.1-windows-i386.zip,x86-windows
cmake-3.25.1-windows-x86_64.zip,x86_64-windows
croc_9.6.0_linux-32bit.tar.gz,x86-linux
croc_9.6.0_linux-64bit.tar.gz,x86_64-linux
croc_9.6.0_linux-arm64.tar.gz,aarch64-linux
croc_9.6.0_macos-64bit.tar.gz,x86_64-macos
croc_9.6.0_windows-32bit.zip,x86-windows
croc_9.6.0_windows-64bit.zip,x86_64-windows
croc_9.6.1_linux-32bit.tar.gz,x86-linux
croc_9.6.1_linux-64bit.tar.gz,x86_64-linux
croc_9.6.1_linux-arm64.tar.gz,aarch64-linux
croc_9.6.1_macos-64bit.tar.gz,x86_64-macos
croc_9.6.1_macos-arm64.tar.gz,aarch64-macos
croc_9.6.1_windows-32bit.zip,x86-windows
croc_9.6.1_windows-64bit.zip,x86_64-windows
croc_9.6.1_windows-arm64.zip,aarch64-windows
croc_9.6.2_linux-32bit.tar.gz,x86-linux
croc_9.6.2_linux-64bit.tar.gz,x86_64-linux
croc_9.6.2_linux-arm64.tar.gz,aarch64-linux
croc_9.6.2_macos-64bit.tar.gz,x86_64-macos
croc_9.6.2_macos-arm64.tar.gz,aarch64-macos
croc_9.6.2_windows-32bit.zip,x86-windows
croc_9.6.2_windows-64bit.zip,x86_64-windows
croc_9.6.2_windows-arm64.zip,aarch64-windows
ctop-0.7.7-darwin-amd64,x86_64-macos
ctop-0.7.7-linux-amd64,x86_64-linux
ctop-0.7.7-linux-arm64,aarch64-linux
ctop-0.7.7-windows-amd64,x86_64-windows
d2-v0.1.2-linux-amd64.tar.gz,x86_64-linux
d2-v0.1.2-linux-arm64.tar.gz,aarch64-linux
d2-v0.1.2-macos-amd64.tar.gz,x86_64-macos
d2-v0.1.2-macos-arm64.tar.gz,aarch64-macos
d2-v0.1.2-windows-amd64.tar.gz,x86_64-windows
d2-v0.1.2-windows-arm64.tar.gz,aarch64-windows
datree-cli_0.11.0_darwin_x86_64.zip,x86_64-macos
datree-cli_0.11.0_linux_x86_64.zip,x86_64-linux
datree-cli_0.12.0_darwin_x86_64.zip,x86_64-macos
datree-cli_0.12.0_linux_x86_64.zip,x86_64-linux
datree-cli_0.12.1_darwin_x86_64.zip,x86_64-macos
datree-cli_0.12.1_linux_x86_64.zip,x86_64-linux
datree-cli_0.13.0_darwin_x86_64.zip,x86_64-macos
datree-cli_0.13.0_linux_x86_64.zip,x86_64-linux
datree-cli_0.13.2_darwin_x86_64.zip,x86_64-macos
datree-cli_0.13.2_linux_x86_64.zip,x86_64-linux
datree-cli_0.13.4_darwin_x86_64.zip,x86_64-macos
datree-cli_0.13.4_linux_x86_64.zip,x86_64-linux
datree-cli_0.13.7_darwin_x86_64.zip,x86_64-macos
datree-cli_0.13.7_linux_x86_64.zip,x86_64-linux
datree-cli_0.14.17_darwin_x86_64.zip,x86_64-macos
datree-cli_0.14.17_linux_x86_64.zip,x86_64-linux
datree-cli_0.14.20_darwin_x86_64.zip,x86_64-macos
datree-cli_0.14.20_linux_x86_64.zip,x86_64-linux
datree-cli_0.14.26_darwin_x86_64.zip,x86_64-macos
datree-cli_0.14.26_linux_x86_64.zip,x86_64-linux
datree-cli_0.14.29_darwin_x86_64.zip,x86_64-macos
datree-cli_0.14.29_linux_x86_64.zip,x86_64-linux
datree-cli_0.14.2_darwin_x86_64.zip,x86_64-macos
datree-cli_0.14.2_linux_x86_64.zip,x86_64-linux
datree-cli_0.14.33_darwin_x86_64.zip,x86_64-macos
datree-cli_0.14.33_linux_x86_64.zip,x86_64-linux
datree-cli_0.14.36_darwin_x86_64.zip,x86_64-macos
datree-cli_0.14.36_linux_x86_64.zip,x86_64-linux
datree-cli_0.14.46_darwin_x86_64.zip,x86_64-macos
datree-cli_0.14.46_linux_x86_64.zip,x86_64-linux
datree-cli_0.14.49_darwin_x86_64.zip,x86_64-macos
datree-cli_0.14.49_linux_x86_64.zip,x86_64-linux
datree-cli_0.14.4_darwin_x86_64.zip,x86_64-macos
datree-cli_0.14.4_linux_x86_64.zip,x86_64-linux
datree-cli_0.14.6_darwin_x86_64.zip,x86_64-macos
datree-cli_0.14.6_linux_x86_64.zip,x86_64-linux
datree-cli_0.14.85_darwin_x86_64.zip,x86_64-macos
datree-cli_0.14.85_linux_x86_64.zip,x86_64-linux
datree-cli_0.14.87_darwin_x86_64.zip,x86_64-macos
datree-cli_0.14.87_linux_x86_64.zip,x86_64-linux
datree-cli_0.14.93_darwin_x86_64.zip,x86_64-macos
datree-cli_0.14.93_linux_x86_64.zip,x86_64-linux
datree-cli_0.14.95_darwin_x86_64.zip,x86_64-macos
datree-cli_0.14.95_linux_x86_64.zip,x86_64-linux
datree-cli_0.15.0_darwin_x86_64.zip,x86_64-macos
datree-cli_0.15.0_linux_x86_64.zip,x86_64-linux
datree-cli_0.15.16_darwin_x86_64.zip,x86_64-macos
datree-cli_0.15.16_linux_x86_64.zip,x86_64-linux
datree-cli_0.15.19_darwin_x86_64.zip,x86_64-macos
datree-cli_0.15.19_linux_x86_64.zip,x86_64-linux
datree-cli_0.15.21_darwin_x86_64.zip,x86_64-macos
datree-cli_0.15.21_linux_x86_64.zip,x86_64-linux
datree-cli_0.15.22_darwin_x86_64.zip,x86_64-macos
datree-cli_0.15.22_linux_x86_64.zip,x86_64-linux
datree-cli_0.15.52_darwin_x86_64.zip,x86_64-macos
datree-cli_0.15.52_linux_x86_64.zip,x86_64-linux
datree-cli_0.15.5_darwin_x86_64.zip,x86_64-macos
datree-cli_0.15.5_linux_x86_64.zip,x86_64-linux
datree-cli_0.2.1_darwin_x86_64.zip,x86_64-macos
datree-cli_0.2.1_linux_x86_64.zip,x86_64-linux
datree-cli_0.2.2_darwin_x86_64.zip,x86_64-macos
datree-cli_0.2.2_linux_x86_64.zip,x86_64-linux
datree-cli_0.4.0_darwin_x86_64.zip,x86_64-macos
datree-cli_0.4.0_linux_x86_64.zip,x86_64-linux
datree-cli_0.5.0_darwin_x86_64.zip,x86_64-macos
datree-cli_0.5.0_linux_x86_64.zip,x86_64-linux
datree-cli_0.7.1_darwin_x86_64.zip,x86_64-macos
datree-cli_0.7.1_linux_x86_64.zip,x86_64-linux
datree-cli_0.8.0_darwin_x86_64.zip,x86_64-macos
datree-cli_0.8.0_linux_x86_64.zip,x86_64-linux
datree-cli_0.9.0_darwin_x86_64.zip,x86_64-macos
datree-cli_0.9.0_linux_x86_64.zip,x86_64-linux
datree-cli_1.0.15_darwin_x86_64.zip,x86_64-macos
datree-cli_1.0.15_linux_x86_64.zip,x86_64-linux
datree-cli_1.0.1_darwin_x86_64.zip,x86_64-macos
datree-cli_1.0.1_linux_x86_64.zip,x86_64-linux
datree-cli_1.0.6_darwin_x86_64.zip,x86_64-macos
datree-cli_1.0.6_linux_x86_64.zip,x86_64-linux
datree-cli_1.1.10_darwin_x86_64.zip,x86_64-macos
datree-cli_1.1.10_linux_x86_64.zip,x86_64-linux
datree-cli_1.1.20_darwin_x86_64.zip,x86_64-macos
datree-cli_1.1.20_linux_x86_64.zip,x86_64-linux
datree-cli_1.1.22_darwin_x86_64.zip,x86_64-macos
datree-cli_1.1.22_linux_x86_64.zip,x86_64-linux
datree-cli_1.1.6_darwin_x86_64.zip,x86_64-macos
datree-cli_1.1.6_linux_x86_64.zip,x86_64-linux
datree-cli_1.2.0_darwin_x86_64.zip,x86_64-macos
datree-cli_1.2.0_linux_x86_64.zip,x86_64-linux
datree-cli_1.2.10_darwin_x86_64.zip,x86_64-macos
datree-cli_1.2.10_linux_x86_64.zip,x86_64-linux
datree-cli_1.2.2_darwin_x86_64.zip,x86_64-macos
datree-cli_1.2.2_linux_x86_64.zip,x86_64-linux
datree-cli_1.2.9_darwin_x86_64.zip,x86_64-macos
datree-cli_1.2.9_linux_x86_64.zip,x86_64-linux
datree-cli_1.3.0_darwin_x86_64.zip,x86_64-macos
datree-cli_1.3.0_linux_x86_64.zip,x86_64-linux
datree-cli_1.3.2_darwin_x86_64.zip,x86_64-macos
datree-cli_1.3.2_linux_x86_64.zip,x86_64-linux
datree-cli_1.3.5_darwin_x86_64.zip,x86_64-macos
datree-cli_1.3.5_linux_x86_64.zip,x86_64-linux
datree-cli_1.4.10_darwin_x86_64.zip,x86_64-macos
datree-cli_1.4.10_linux_x86_64.zip,x86_64-linux
datree-cli_1.4.13_darwin_x86_64.zip,x86_64-macos
datree-cli_1.4.13_linux_x86_64.zip,x86_64-linux
datree-cli_1.4.17_darwin_x86_64.zip,x86_64-macos
datree-cli_1.4.17_linux_x86_64.zip,x86_64-linux
datree-cli_1.4.22_darwin_x86_64.zip,x86_64-macos
datree-cli_1.4.22_linux_x86_64.zip,x86_64-linux
datree-cli_1.4.26_darwin_x86_64.zip,x86_64-macos
datree-cli_1.4.26_linux_x86_64.zip,x86_64-linux
datree-cli_1.4.28_darwin_x86_64.zip,x86_64-macos
datree-cli_1.4.28_linux_x86_64.zip,x86_64-linux
datree-cli_1.4.30_darwin_x86_64.zip,x86_64-macos
datree-cli_1.4.30_linux_x86_64.zip,x86_64-linux
datree-cli_1.4.32_darwin_x86_64.zip,x86_64-macos
datree-cli_1.4.32_linux_x86_64.zip,x86_64-linux
datree-cli_1.4.37_darwin_x86_64.zip,x86_64-macos
datree-cli_1.4.37_linux_x86_64.zip,x86_64-linux
datree-cli_1.4.3_darwin_x86_64.zip,x86_64-macos
datree-cli_1.4.3_linux_x86_64.zip,x86_64-linux
datree-cli_1.4.4_darwin_x86_64.zip,x86_64-macos
datree-cli_1.4.4_linux_x86_64.zip,x86_64-linux
datree-cli_1.5.15_darwin_x86_64.zip,x86_64-macos
datree-cli_1.5.15_linux_x86_64.zip,x86_64-linux
datree-cli_1.5.16_darwin_x86_64.zip,x86_64-macos
datree-cli_1.5.16_linux_x86_64.zip,x86_64-linux
datree-cli_1.5.17_darwin_x86_64.zip,x86_64-macos
datree-cli_1.5.17_linux_x86_64.zip,x86_64-linux
datree-cli_1.5.19_darwin_x86_64.zip,x86_64-macos
datree-cli_1.5.19_linux_x86_64.zip,x86_64-linux
datree-cli_1.5.20_darwin_x86_64.zip,x86_64-macos
datree-cli_1.5.20_linux_x86_64.zip,x86_64-linux
datree-cli_1.5.2_darwin_x86_64.zip,x86_64-macos
datree-cli_1.5.2_linux_x86_64.zip,x86_64-linux
datree-cli_1.5.3_darwin_x86_64.zip,x86_64-macos
datree-cli_1.5.3_linux_x86_64.zip,x86_64-linux
datree-cli_1.5.7_darwin_x86_64.zip,x86_64-macos
datree-cli_1.5.7_linux_x86_64.zip,x86_64-linux
datree-cli_1.5.9_darwin_x86_64.zip,x86_64-macos
datree-cli_1.5.9_linux_x86_64.zip,x86_64-linux
datree-cli_1.6.0_darwin_arm64.zip,aarch64-macos
datree-cli_1.6.0_darwin_x86_64.zip,x86_64-macos
datree-cli_1.6.0_linux_386.zip,x86-linux
datree-cli_1.6.0_linux_arm64.zip,aarch64-linux
datree-cli_1.6.0_linux_x86_64.zip,x86_64-linux
datree-cli_1.6.0_windows_386.zip,x86-windows
datree-cli_1.6.0_windows_x86_64.zip,x86_64-windows
datree-cli_1.6.12_darwin_arm64.zip,aarch64-macos
datree-cli_1.6.12_darwin_x86_64.zip,x86_64-macos
datree-cli_1.6.12_linux_386.zip,x86-linux
datree-cli_1.6.12_linux_arm64.zip,aarch64-linux
datree-cli_1.6.12_linux_x86_64.zip,x86_64-linux
datree-cli_1.6.12_windows_386.zip,x86-windows
datree-cli_1.6.12_windows_x86_64.zip,x86_64-windows
datree-cli_1.6.13_darwin_arm64.zip,aarch64-macos
datree-cli_1.6.13_darwin_x86_64.zip,x86_64-macos
datree-cli_1.6.13_linux_386.zip,x86-linux
datree-cli_1.6.13_linux_arm64.zip,aarch64-linux
datree-cli_1.6.13_linux_x86_64.zip,x86_64-linux
datree-cli_1.6.13_windows_386.zip,x86-windows
datree-cli_1.6.13_windows_x86_64.zip,x86_64-windows
datree-cli_1.6.16_darwin_arm64.zip,aarch64-macos
datree-cli_1.6.16_darwin_x86_64.zip,x86_64-macos
datree-cli_1.6.16_linux_386.zip,x86-linux
datree-cli_1.6.16_linux_arm64.zip,aarch64-linux
datree-cli_1.6.16_linux_x86_64.zip,x86_64-linux
datree-cli_1.6.16_windows_386.zip,x86-windows
datree-cli_1.6.16_windows_x86_64.zip,x86_64-windows
datree-cli_1.6.18_darwin_arm64.zip,aarch64-macos
datree-cli_1.6.18_darwin_x86_64.zip,x86_64-macos
datree-cli_1.6.18_linux_386.zip,x86-linux
datree-cli_1.6.18_linux_arm64.zip,aarch64-linux
datree-cli_1.6.18_linux_x86_64.zip,x86_64-linux
datree-cli_1.6.18_windows_386.zip,x86-windows
datree-cli_1.6.18_windows_x86_64.zip,x86_64-windows
datree-cli_1.6.28_darwin_arm64.zip,aarch64-macos
datree-cli_1.6.28_darwin_x86_64.zip,x86_64-macos
datree-cli_1.6.28_linux_386.zip,x86-linux
datree-cli_1.6.28_linux_arm64.zip,aarch64-linux
datree-cli_1.6.28_linux_x86_64.zip,x86_64-linux
datree-cli_1.6.28_windows_386.zip,x86-windows
datree-cli_1.6.28_windows_x86_64.zip,x86_64-windows
datree-cli_1.6.33_darwin_arm64.zip,aarch64-macos
datree-cli_1.6.33_darwin_x86_64.zip,x86_64-macos
datree-cli_1.6.33_linux_386.zip,x86-linux
datree-cli_1.6.33_linux_arm64.zip,aarch64-linux
datree-cli_1.6.33_linux_x86_64.zip,x86_64-linux
datree-cli_1.6.33_windows_386.zip,x86-windows
datree-cli_1.6.33_windows_x86_64.zip,x86_64-windows
datree-cli_1.6.36_darwin_arm64.zip,aarch64-macos
datree-cli_1.6.36_darwin_x86_64.zip,x86_64-macos
datree-cli_1.6.36_linux_386.zip,x86-linux
datree-cli_1.6.36_linux_arm64.zip,aarch64-linux
datree-cli_1.6.36_linux_x86_64.zip,x86_64-linux
datree-cli_1.6.36_windows_386.zip,x86-windows
datree-cli_1.6.36_windows_x86_64.zip,x86_64-windows
datree-cli_1.6.37_darwin_arm64.zip,aarch64-macos
datree-cli_1.6.37_darwin_x86_64.zip,x86_64-macos
datree-cli_1.6.37_linux_386.zip,x86-linux
datree-cli_1.6.37_linux_arm64.zip,aarch64-linux
datree-cli_1.6.37_linux_x86_64.zip,x86_64-linux
datree-cli_1.6.37_windows_386.zip,x86-windows
datree-cli_1.6.37_windows_x86_64.zip,x86_64-windows
datree-cli_1.6.42_darwin_arm64.zip,aarch64-macos
datree-cli_1.6.42_darwin_x86_64.zip,x86_64-macos
datree-cli_1.6.42_linux_386.zip,x86-linux
datree-cli_1.6.42_linux_arm64.zip,aarch64-linux
datree-cli_1.6.42_linux_x86_64.zip,x86_64-linux
datree-cli_1.6.42_windows_386.zip,x86-windows
datree-cli_1.6.42_windows_x86_64.zip,x86_64-windows
datree-cli_1.6.48_darwin_arm64.zip,aarch64-macos
datree-cli_1.6.48_darwin_x86_64.zip,x86_64-macos
datree-cli_1.6.48_linux_386.zip,x86-linux
datree-cli_1.6.48_linux_arm64.zip,aarch64-linux
datree-cli_1.6.48_linux_x86_64.zip,x86_64-linux
datree-cli_1.6.48_windows_386.zip,x86-windows
datree-cli_1.6.48_windows_x86_64.zip,x86_64-windows
datree-cli_1.6.6_darwin_arm64.zip,aarch64-macos
datree-cli_1.6.6_darwin_x86_64.zip,x86_64-macos
datree-cli_1.6.6_linux_386.zip,x86-linux
datree-cli_1.6.6_linux_arm64.zip,aarch64-linux
datree-cli_1.6.6_linux_x86_64.zip,x86_64-linux
datree-cli_1.6.6_windows_386.zip,x86-windows
datree-cli_1.6.6_windows_x86_64.zip,x86_64-windows
datree-cli_1.7.1_darwin_arm64.zip,aarch64-macos
datree-cli_1.7.1_darwin_x86_64.zip,x86_64-macos
datree-cli_1.7.1_linux_386.zip,x86-linux
datree-cli_1.7.1_linux_arm64.zip,aarch64-linux
datree-cli_1.7.1_linux_x86_64.zip,x86_64-linux
datree-cli_1.7.1_windows_386.zip,x86-windows
datree-cli_1.7.1_windows_x86_64.zip,x86_64-windows
datree-cli_1.7.3_darwin_arm64.zip,aarch64-macos
datree-cli_1.7.3_darwin_x86_64.zip,x86_64-macos
datree-cli_1.7.3_linux_386.zip,x86-linux
datree-cli_1.7.3_linux_arm64.zip,aarch64-linux
datree-cli_1.7.3_linux_x86_64.zip,x86_64-linux
datree-cli_1.7.3_windows_386.zip,x86-windows
datree-cli_1.7.3_windows_x86_64.zip,x86_64-windows
datree-cli_1.8.1_darwin_arm64.zip,aarch64-macos
datree-cli_1.8.1_darwin_x86_64.zip,x86_64-macos
datree-cli_1.8.1_linux_386.zip,x86-linux
datree-cli_1.8.1_linux_arm64.zip,aarch64-linux
datree-cli_1.8.1_linux_x86_64.zip,x86_64-linux
datree-cli_1.8.1_windows_386.zip,x86-windows
datree-cli_1.8.1_windows_x86_64.zip,x86_64-windows
datree-cli_1.8.8_darwin_arm64.zip,aarch64-macos
datree-cli_1.8.8_darwin_x86_64.zip,x86_64-macos
datree-cli_1.8.8_linux_386.zip,x86-linux
datree-cli_1.8.8_linux_arm64.zip,aarch64-linux
datree-cli_1.8.8_linux_x86_64.zip,x86_64-linux
datree-cli_1.8.8_windows_386.zip,x86-windows
datree-cli_1.8.8_windows_x86_64.zip,x86_64-windows
devdash_0.5.0_darwin_x86_64.tar.gz,x86_64-macos
devdash_0.5.0_linux_arm64.tar.gz,aarch64-linux
devdash_0.5.0_linux_x86_64.tar.gz,x86_64-linux
devdash_0.5.0_linux_x86.tar.gz,x86-linux
devdash_0.5.0_windows_x86_64.zip,x86_64-windows
devdash_0.5.0_windows_x86.zip,x86-windows
difft-x86_64-apple-darwin.tar.gz,x86_64-macos
difft-x86_64-pc-windows-msvc.zip,x86_64-windows
difft-x86_64-unknown-linux-gnu.tar.gz,x86_64-linux
envoy-v1.13.7-darwin-amd64.tar.xz,x86_64-macos
envoy-v1.13.7-linux-amd64.tar.xz,x86_64-linux
envoy-v1.14.7-darwin-amd64.tar.xz,x86_64-macos
envoy-v1.14.7-linux-amd64.tar.xz,x86_64-linux
envoy-v1.15.5-darwin-amd64.tar.xz,x86_64-macos
envoy-v1.15.5-linux-amd64.tar.xz,x86_64-linux
envoy-v1.16.4-darwin-amd64.tar.xz,x86_64-macos
envoy-v1.16.4-linux-amd64.tar.xz,x86_64-linux
envoy-v1.17.3-darwin-amd64.tar.xz,x86_64-macos
envoy-v1.17.3-linux-amd64.tar.xz,x86_64-linux
envoy-v1.18.3-darwin-amd64.tar.xz,x86_64-macos
envoy-v1.18.3-linux-amd64.tar.xz,x86_64-linux
envoy-v1.18.4-darwin-amd64.tar.xz,x86_64-macos
envoy-v1.18.4-linux-amd64.tar.xz,x86_64-linux
envoy-v1.19.0-darwin-amd64.tar.xz,x86_64-macos
envoy-v1.19.0-linux-amd64.tar.xz,x86_64-linux
envoy-v1.19.1-darwin-amd64.tar.xz,x86_64-macos
envoy-v1.19.1-linux-amd64.tar.xz,x86_64-linux
envoy-v1.20.1-darwin-amd64.tar.xz,x86_64-macos
envoy-v1.20.1-linux-amd64.tar.xz,x86_64-linux
fd-v8.4.0-aarch64-unknown-linux-gnu.tar.gz,aarch64-linux
fd-v8.4.0-x86_64-apple-darwin.tar.gz,x86_64-macos
fd-v8.4.0-x86_64-pc-windows-msvc.zip,x86_64-windows
fd-v8.4.0-x86_64-unknown-linux-musl.tar.gz,x86_64-linux
fd-v8.5.2-aarch64-unknown-linux-gnu.tar.gz,aarch64-linux
fd-v8.5.2-i686-pc-windows-msvc.zip,x86-windows
fd-v8.5.2-i686-unknown-linux-musl.tar.gz,x86-linux
fd-v8.5.2-x86_64-apple-darwin.tar.gz,x86_64-macos
fd-v8.5.2-x86_64-pc-windows-msvc.zip,x86_64-windows
fd-v8.5.2-x86_64-unknown-linux-musl.tar.gz,x86_64-linux
fd-v8.5.3-aarch64-unknown-linux-gnu.tar.gz,aarch64-linux
fd-v8.5.3-i686-pc-windows-msvc.zip,x86-windows
fd-v8.5.3-i686-unknown-linux-musl.tar.gz,x86-linux
fd-v8.5.3-x86_64-apple-darwin.tar.gz,x86_64-macos
fd-v8.5.3-x86_64-pc-windows-msvc.zip,x86_64-windows
fd-v8.5.3-x86_64-unknown-linux-musl.tar.gz,x86_64-linux
fd-v8.6.0-aarch64-unknown-linux-gnu.tar.gz,aarch64-linux
fd-v8.6.0-i686-pc-windows-msvc.zip,x86-windows
fd-v8.6.0-i686-unknown-linux-musl.tar.gz,x86-linux
fd-v8.6.0-x86_64-apple-darwin.tar.gz,x86_64-macos
fd-v8.6.0-x86_64-pc-windows-msvc.zip,x86_64-windows
fd-v8.6.0-x86_64-unknown-linux-musl.tar.gz,x86_64-linux
fzf-0.27.2-darwin_amd64.zip,x86_64-macos
fzf-0.27.2-darwin_arm64.zip,aarch64-macos
fzf-0.27.2-linux_amd64.tar.gz,x86_64-linux
fzf-0.27.2-linux_arm64.tar.gz,aarch64-linux
fzf-0.27.3-darwin_amd64.zip,x86_64-macos
fzf-0.27.3-darwin_arm64.zip,aarch64-macos
fzf-0.27.3-linux_amd64.tar.gz,x86_64-linux
fzf-0.27.3-linux_arm64.tar.gz,aarch64-linux
fzf-0.28.0-darwin_amd64.zip,x86_64-macos
fzf-0.28.0-darwin_arm64.zip,aarch64-macos
fzf-0.28.0-linux_amd64.tar.gz,x86_64-linux
fzf-0.28.0-linux_arm64.tar.gz,aarch64-linux
fzf-0.29.0-darwin_amd64.zip,x86_64-macos
fzf-0.29.0-darwin_arm64.zip,aarch64-macos
fzf-0.29.0-linux_amd64.tar.gz,x86_64-linux
fzf-0.29.0-linux_arm64.tar.gz,aarch64-linux
fzf-0.30.0-darwin_amd64.zip,x86_64-macos
fzf-0.30.0-darwin_arm64.zip,aarch64-macos
fzf-0.30.0-linux_amd64.tar.gz,x86_64-linux
fzf-0.30.0-linux_arm64.tar.gz,aarch64-linux
fzf-0.30.0-windows_amd64.zip,x86_64-windows
fzf-0.30.0-windows_arm64.zip,aarch64-windows
fzf-0.31.0-darwin_amd64.zip,x86_64-macos
fzf-0.31.0-darwin_arm64.zip,aarch64-macos
fzf-0.31.0-linux_amd64.tar.gz,x86_64-linux
fzf-0.31.0-linux_arm64.tar.gz,aarch64-linux
fzf-0.31.0-windows_amd64.zip,x86_64-windows
fzf-0.31.0-windows_arm64.zip,aarch64-windows
fzf-0.32.0-darwin_amd64.zip,x86_64-macos
fzf-0.32.0-darwin_arm64.zip,aarch64-macos
fzf-0.32.0-linux_amd64.tar.gz,x86_64-linux
fzf-0.32.0-linux_arm64.tar.gz,aarch64-linux
fzf-0.32.0-windows_amd64.zip,x86_64-windows
fzf-0.32.0-windows_arm64.zip,aarch64-windows
fzf-0.32.1-darwin_amd64.zip,x86_64-macos
fzf-0.32.1-darwin_arm64.zip,aarch64-macos
fzf-0.32.1-linux_amd64.tar.gz,x86_64-linux
fzf-0.32.1-linux_arm64.tar.gz,aarch64-linux
fzf-0.32.1-windows_amd64.zip,x86_64-windows
fzf-0.32.1-windows_arm64.zip,aarch64-windows
fzf-0.33.0-darwin_amd64.zip,x86_64-macos
fzf-0.33.0-darwin_arm64.zip,aarch64-macos
fzf-0.33.0-linux_amd64.tar.gz,x86_64-linux
fzf-0.33.0-linux_arm64.tar.gz,aarch64-linux
fzf-0.33.0-windows_amd64.zip,x86_64-windows
fzf-0.33.0-windows_arm64.zip,aarch64-windows
fzf-0.34.0-darwin_amd64.zip,x86_64-macos
fzf-0.34.0-darwin_arm64.zip,aarch64-macos
fzf-0.34.0-linux_amd64.tar.gz,x86_64-linux
fzf-0.34.0-linux_arm64.tar.gz,aarch64-linux
fzf-0.34.0-windows_amd64.zip,x86_64-windows
fzf-0.34.0-windows_arm64.zip,aarch64-windows
fzf-0.35.0-darwin_amd64.zip,x86_64-macos
fzf-0.35.0-darwin_arm64.zip,aarch64-macos
fzf-0.35.0-linux_amd64.tar.gz,x86_64-linux
fzf-0.35.0-linux_arm64.tar.gz,aarch64-linux
fzf-0.35.0-windows_amd64.zip,x86_64-windows
fzf-0.35.0-windows_arm64.zip,aarch64-windows
fzf-0.35.1-darwin_amd64.zip,x86_64-macos
fzf-0.35.1-darwin_arm64.zip,aarch64-macos
fzf-0.35.1-linux_amd64.tar.gz,x86_64-linux
fzf-0.35.1-linux_arm64.tar.gz,aarch64-linux
fzf-0.35.1-windows_amd64.zip,x86_64-windows
fzf-0.35.1-windows_arm64.zip,aarch64-windows
gh_2.11.3_linux_amd64.tar.gz,x86_64-linux
gh_2.12.0_linux_amd64.tar.gz,x86_64-linux
gh_2.12.1_linux_amd64.tar.gz,x86_64-linux
gh_2.13.0_linux_amd64.tar.gz,x86_64-linux
gh_2.13.0_linux_arm64.tar.gz,aarch64-linux
gh_2.13.0_macos_amd64.tar.gz,x86_64-macos
gh_2.13.0_windows_amd64.zip,x86_64-windows
gh_2.14.0_linux_386.tar.gz,x86-linux
gh_2.14.0_linux_amd64.tar.gz,x86_64-linux
gh_2.14.0_linux_arm64.tar.gz,aarch64-linux
gh_2.14.0_macos_amd64.tar.gz,x86_64-macos
gh_2.14.0_windows_386.zip,x86-windows
gh_2.14.0_windows_amd64.zip,x86_64-windows
gh_2.14.1_linux_386.tar.gz,x86-linux
gh_2.14.1_linux_amd64.tar.gz,x86_64-linux
gh_2.14.1_linux_arm64.tar.gz,aarch64-linux
gh_2.14.1_macos_amd64.tar.gz,x86_64-macos
gh_2.14.1_windows_386.zip,x86-windows
gh_2.14.1_windows_amd64.zip,x86_64-windows
gh_2.14.3_linux_386.tar.gz,x86-linux
gh_2.14.3_linux_amd64.tar.gz,x86_64-linux
gh_2.14.3_linux_arm64.tar.gz,aarch64-linux
gh_2.14.3_macos_amd64.tar.gz,x86_64-macos
gh_2.14.3_windows_386.zip,x86-windows
gh_2.14.3_windows_amd64.zip,x86_64-windows
gh_2.14.4_linux_386.tar.gz,x86-linux
gh_2.14.4_linux_amd64.tar.gz,x86_64-linux
gh_2.14.4_linux_arm64.tar.gz,aarch64-linux
gh_2.14.4_macos_amd64.tar.gz,x86_64-macos
gh_2.14.4_windows_386.zip,x86-windows
gh_2.14.4_windows_amd64.zip,x86_64-windows
gh_2.14.6_linux_386.tar.gz,x86-linux
gh_2.14.6_linux_amd64.tar.gz,x86_64-linux
gh_2.14.6_linux_arm64.tar.gz,aarch64-linux
gh_2.14.6_macos_amd64.tar.gz,x86_64-macos
gh_2.14.6_windows_386.zip,x86-windows
gh_2.14.6_windows_amd64.zip,x86_64-windows
gh_2.14.7_linux_386.tar.gz,x86-linux
gh_2.14.7_linux_amd64.tar.gz,x86_64-linux
gh_2.14.7_linux_arm64.tar.gz,aarch64-linux
gh_2.14.7_macos_amd64.tar.gz,x86_64-macos
gh_2.14.7_windows_386.zip,x86-windows
gh_2.14.7_windows_amd64.zip,x86_64-windows
gh_2.15.0_linux_386.tar.gz,x86-linux
gh_2.15.0_linux_amd64.tar.gz,x86_64-linux
gh_2.15.0_linux_arm64.tar.gz,aarch64-linux
gh_2.15.0_macos_amd64.tar.gz,x86_64-macos
gh_2.15.0_windows_386.zip,x86-windows
gh_2.15.0_windows_amd64.zip,x86_64-windows
gh_2.16.0_linux_386.tar.gz,x86-linux
gh_2.16.0_linux_amd64.tar.gz,x86_64-linux
gh_2.16.0_linux_arm64.tar.gz,aarch64-linux
gh_2.16.0_macos_amd64.tar.gz,x86_64-macos
gh_2.16.0_windows_386.zip,x86-windows
gh_2.16.0_windows_amd64.zip,x86_64-windows
gh_2.16.1_linux_386.tar.gz,x86-linux
gh_2.16.1_linux_amd64.tar.gz,x86_64-linux
gh_2.16.1_linux_arm64.tar.gz,aarch64-linux
gh_2.16.1_macos_amd64.tar.gz,x86_64-macos
gh_2.16.1_windows_386.zip,x86-windows
gh_2.16.1_windows_amd64.zip,x86_64-windows
gh_2.17.0_linux_386.tar.gz,x86-linux
gh_2.17.0_linux_amd64.tar.gz,x86_64-linux
gh_2.17.0_linux_arm64.tar.gz,aarch64-linux
gh_2.17.0_macos_amd64.tar.gz,x86_64-macos
gh_2.17.0_windows_386.zip,x86-windows
gh_2.17.0_windows_amd64.zip,x86_64-windows
gh_2.18.0_linux_386.tar.gz,x86-linux
gh_2.18.0_linux_amd64.tar.gz,x86_64-linux
gh_2.18.0_linux_arm64.tar.gz,aarch64-linux
gh_2.18.0_macos_amd64.tar.gz,x86_64-macos
gh_2.18.0_windows_386.zip,x86-windows
gh_2.18.0_windows_amd64.zip,x86_64-windows
gh_2.18.1_linux_386.tar.gz,x86-linux
gh_2.18.1_linux_amd64.tar.gz,x86_64-linux
gh_2.18.1_linux_arm64.tar.gz,aarch64-linux
gh_2.18.1_macos_amd64.tar.gz,x86_64-macos
gh_2.18.1_windows_386.zip,x86-windows
gh_2.18.1_windows_amd64.zip,x86_64-windows
gh_2.19.0_linux_386.tar.gz,x86-linux
gh_2.19.0_linux_amd64.tar.gz,x86_64-linux
gh_2.19.0_linux_arm64.tar.gz,aarch64-linux
gh_2.19.0_macos_amd64.tar.gz,x86_64-macos
gh_2.19.0_windows_386.zip,x86-windows
gh_2.19.0_windows_amd64.zip,x86_64-windows
gh_2.20.0_linux_386.tar.gz,x86-linux
gh_2.20.0_linux_amd64.tar.gz,x86_64-linux
gh_2.20.0_linux_arm64.tar.gz,aarch64-linux
gh_2.20.0_macos_amd64.tar.gz,x86_64-macos
gh_2.20.0_windows_386.zip,x86-windows
gh_2.20.0_windows_amd64.zip,x86_64-windows
gh_2.20.1_linux_386.tar.gz,x86-linux
gh_2.20.1_linux_amd64.tar.gz,x86_64-linux
gh_2.20.1_linux_arm64.tar.gz,aarch64-linux
gh_2.20.1_macos_amd64.tar.gz,x86_64-macos
gh_2.20.1_windows_386.zip,x86-windows
gh_2.20.1_windows_amd64.zip,x86_64-windows
gh_2.20.1_windows_arm64.zip,aarch64-windows
gh_2.20.2_linux_386.tar.gz,x86-linux
gh_2.20.2_linux_amd64.tar.gz,x86_64-linux
gh_2.20.2_linux_arm64.tar.gz,aarch64-linux
gh_2.20.2_macos_amd64.tar.gz,x86_64-macos
gh_2.20.2_windows_386.zip,x86-windows
gh_2.20.2_windows_amd64.zip,x86_64-windows
gh_2.20.2_windows_arm64.zip,aarch64-windows
gh_2.21.0_linux_386.tar.gz,x86-linux
gh_2.21.0_linux_amd64.tar.gz,x86_64-linux
gh_2.21.0_linux_arm64.tar.gz,aarch64-linux
gh_2.21.0_macos_amd64.tar.gz,x86_64-macos
gh_2.21.0_windows_386.zip,x86-windows
gh_2.21.0_windows_amd64.zip,x86_64-windows
gh_2.21.0_windows_arm64.zip,aarch64-windows
gitea-1.17.0-darwin-10.12-amd64,x86_64-macos
gitea-1.17.0-darwin-10.12-arm64,aarch64-macos
gitea-1.17.0-linux-386,x86-linux
gitea-1.17.0-linux-amd64,x86_64-linux
gitea-1.17.0-linux-arm64,aarch64-linux
gitea-1.17.0-windows-4.0-386.exe,x86-windows
gitea-1.17.0-windows-4.0-amd64.exe,x86_64-windows
gitea-1.17.1-darwin-10.12-amd64.xz,x86_64-macos
gitea-1.17.1-darwin-10.12-arm64.xz,aarch64-macos
gitea-1.17.1-gogit-windows-4.0-386.exe.xz,x86-windows
gitea-1.17.1-gogit-windows-4.0-amd64.exe.xz,x86_64-windows
gitea-1.17.1-linux-386.xz,x86-linux
gitea-1.17.1-linux-amd64.xz,x86_64-linux
gitea-1.17.1-linux-arm64.xz,aarch64-linux
gitea-1.17.2-darwin-10.12-amd64.xz,x86_64-macos
gitea-1.17.2-darwin-10.12-arm64.xz,aarch64-macos
gitea-1.17.2-gogit-windows-4.0-386.exe.xz,x86-windows
gitea-1.17.2-gogit-windows-4.0-amd64.exe.xz,x86_64-windows
gitea-1.17.2-linux-386.xz,x86-linux
gitea-1.17.2-linux-amd64.xz,x86_64-linux
gitea-1.17.2-linux-arm64.xz,aarch64-linux
gitea-1.17.3-darwin-10.12-amd64.xz,x86_64-macos
gitea-1.17.3-darwin-10.12-arm64.xz,aarch64-macos
gitea-1.17.3-gogit-windows-4.0-386.exe.xz,x86-windows
gitea-1.17.3-gogit-windows-4.0-amd64.exe.xz,x86_64-windows
gitea-1.17.3-linux-386.xz,x86-linux
gitea-1.17.3-linux-amd64.xz,x86_64-linux
gitea-1.17.3-linux-arm64.xz,aarch64-linux
gitea-1.17.4-darwin-10.12-amd64.xz,x86_64-macos
gitea-1.17.4-darwin-10.12-arm64.xz,aarch64-macos
gitea-1.17.4-gogit-windows-4.0-386.exe.xz,x86-windows
gitea-1.17.4-gogit-windows-4.0-amd64.exe.xz,x86_64-windows
gitea-1.17.4-linux-386.xz,x86-linux
gitea-1.17.4-linux-amd64.xz,x86_64-linux
gitea-1.17.4-linux-arm64.xz,aarch64-linux
glab_1.21.0_linux_x86_64.tar.gz,x86_64-linux
glab_1.22.0_linux_arm64.tar.gz,aarch64-linux
glab_1.22.0_linux_i386.tar.gz,x86-linux
glab_1.22.0_linux_x86_64.tar.gz,x86_64-linux
glab_1.22.0_macos_x86_64.tar.gz,x86_64-macos
glab_1.22.0_windows_i386.zip,x86-windows
glab_1.22.0_windows_x86_64.zip,x86_64-windows
glab_1.23.0_linux_arm64.tar.gz,aarch64-linux
glab_1.23.0_linux_i386.tar.gz,x86-linux
glab_1.23.0_linux_x86_64.tar.gz,x86_64-linux
glab_1.23.0_macos_arm64.tar.gz,aarch64-macos
glab_1.23.0_macos_x86_64.tar.gz,x86_64-macos
glab_1.23.0_windows_i386.zip,x86-windows
glab_1.23.0_windows_x86_64.zip,x86_64-windows
glab_1.23.1_linux_arm64.tar.gz,aarch64-linux
glab_1.23.1_linux_i386.tar.gz,x86-linux
glab_1.23.1_linux_x86_64.tar.gz,x86_64-linux
glab_1.23.1_macos_arm64.tar.gz,aarch64-macos
glab_1.23.1_macos_x86_64.tar.gz,x86_64-macos
glab_1.23.1_windows_i386.zip,x86-windows
glab_1.23.1_windows_x86_64.zip,x86_64-windows
glab_1.24.1_linux_arm64.tar.gz,aarch64-linux
glab_1.24.1_linux_i386.tar.gz,x86-linux
glab_1.24.1_linux_x86_64.tar.gz,x86_64-linux
glab_1.24.1_macos_arm64.tar.gz,aarch64-macos
glab_1.24.1_macos_x86_64.tar.gz,x86_64-macos
glab_1.24.1_windows_i386.zip,x86-windows
glab_1.24.1_windows_x86_64.zip,x86_64-windows
gron-darwin-amd64-0.7.1.tgz,x86_64-macos
gron-darwin-arm64-0.7.1.tgz,aarch64-macos
gron-linux-386-0.7.1.tgz,x86-linux
gron-linux-amd64-0.7.1.tgz,x86_64-linux
gron-linux-arm64-0.7.1.tgz,aarch64-linux
gron-windows-386-0.7.1.zip,x86-windows
gron-windows-amd64-0.7.1.zip,x86_64-windows
gron-windows-arm64-0.7.1.zip,aarch64-windows
gum_0.1.0_darwin_arm64.tar.gz,aarch64-macos
gum_0.1.0_darwin_x86_64.tar.gz,x86_64-macos
gum_0.1.0_linux_arm64.tar.gz,aarch64-linux
gum_0.1.0_linux_i386.tar.gz,x86-linux
gum_0.1.0_linux_x86_64.tar.gz,x86_64-linux
gum_0.1.0_windows_i386.zip,x86-windows
gum_0.1.0_windows_x86_64.zip,x86_64-windows
gum_0.2.0_darwin_arm64.tar.gz,aarch64-macos
gum_0.2.0_darwin_x86_64.tar.gz,x86_64-macos
gum_0.2.0_linux_arm64.tar.gz,aarch64-linux
gum_0.2.0_linux_i386.tar.gz,x86-linux
gum_0.2.0_linux_x86_64.tar.gz,x86_64-linux
gum_0.2.0_windows_i386.zip,x86-windows
gum_0.2.0_windows_x86_64.zip,x86_64-windows
gum_0.4.0_darwin_arm64.tar.gz,aarch64-macos
gum_0.4.0_darwin_x86_64.tar.gz,x86_64-macos
gum_0.4.0_linux_arm64.tar.gz,aarch64-linux
gum_0.4.0_linux_i386.tar.gz,x86-linux
gum_0.4.0_linux_x86_64.tar.gz,x86_64-linux
gum_0.4.0_windows_i386.zip,x86-windows
gum_0.4.0_windows_x86_64.zip,x86_64-windows
gum_0.5.0_darwin_arm64.tar.gz,aarch64-macos
gum_0.5.0_darwin_x86_64.tar.gz,x86_64-macos
gum_0.5.0_linux_arm64.tar.gz,aarch64-linux
gum_0.5.0_linux_i386.tar.gz,x86-linux
gum_0.5.0_linux_x86_64.tar.gz,x86_64-linux
gum_0.5.0_windows_i386.zip,x86-windows
gum_0.5.0_windows_x86_64.zip,x86_64-windows
gum_0.6.0_darwin_arm64.tar.gz,aarch64-macos
gum_0.6.0_darwin_x86_64.tar.gz,x86_64-macos
gum_0.6.0_linux_arm64.tar.gz,aarch64-linux
gum_0.6.0_linux_i386.tar.gz,x86-linux
gum_0.6.0_linux_x86_64.tar.gz,x86_64-linux
gum_0.6.0_windows_i386.zip,x86-windows
gum_0.6.0_windows_x86_64.zip,x86_64-windows
gum_0.7.0_darwin_arm64.tar.gz,aarch64-macos
gum_0.7.0_darwin_x86_64.tar.gz,x86_64-macos
gum_0.7.0_linux_arm64.tar.gz,aarch64-linux
gum_0.7.0_linux_i386.tar.gz,x86-linux
gum_0.7.0_linux_x86_64.tar.gz,x86_64-linux
gum_0.7.0_windows_i386.zip,x86-windows
gum_0.7.0_windows_x86_64.zip,x86_64-windows
gum_0.8.0_darwin_arm64.tar.gz,aarch64-macos
gum_0.8.0_darwin_x86_64.tar.gz,x86_64-macos
gum_0.8.0_linux_arm64.tar.gz,aarch64-linux
gum_0.8.0_linux_i386.tar.gz,x86-linux
gum_0.8.0_linux_x86_64.tar.gz,x86_64-linux
gum_0.8.0_windows_i386.zip,x86-windows
gum_0.8.0_windows_x86_64.zip,x86_64-windows
hexyl-v0.10.0-aarch64-unknown-linux-gnu.tar.gz,aarch64-linux
hexyl-v0.10.0-i686-pc-windows-msvc.zip,x86-windows
hexyl-v0.10.0-i686-unknown-linux-musl.tar.gz,x86-linux
hexyl-v0.10.0-x86_64-apple-darwin.tar.gz,x86_64-macos
hexyl-v0.10.0-x86_64-pc-windows-msvc.zip,x86_64-windows
hexyl-v0.10.0-x86_64-unknown-linux-musl.tar.gz,x86_64-linux
hexyl-v0.11.0-aarch64-unknown-linux-gnu.tar.gz,aarch64-linux
hexyl-v0.11.0-i686-pc-windows-msvc.zip,x86-windows
hexyl-v0.11.0-i686-unknown-linux-musl.tar.gz,x86-linux
hexyl-v0.11.0-x86_64-apple-darwin.tar.gz,x86_64-macos
hexyl-v0.11.0-x86_64-pc-windows-msvc.zip,x86_64-windows
hexyl-v0.11.0-x86_64-unknown-linux-musl.tar.gz,x86_64-linux
hexyl-v0.12.0-aarch64-unknown-linux-gnu.tar.gz,aarch64-linux
hexyl-v0.12.0-i686-pc-windows-msvc.zip,x86-windows
hexyl-v0.12.0-i686-unknown-linux-musl.tar.gz,x86-linux
hexyl-v0.12.0-x86_64-apple-darwin.tar.gz,x86_64-macos
hexyl-v0.12.0-x86_64-pc-windows-msvc.zip,x86_64-windows
hexyl-v0.12.0-x86_64-unknown-linux-musl.tar.gz,x86_64-linux
hyperfine-v1.10.0-aarch64-unknown-linux-gnu.tar.gz,aarch64-linux
hyperfine-v1.10.0-x86_64-apple-darwin.tar.gz,x86_64-macos
hyperfine-v1.10.0-x86_64-unknown-linux-gnu.tar.gz,x86_64-linux
hyperfine-v1.11.0-aarch64-unknown-linux-gnu.tar.gz,aarch64-linux
hyperfine-v1.11.0-x86_64-apple-darwin.tar.gz,x86_64-macos
hyperfine-v1.11.0-x86_64-unknown-linux-gnu.tar.gz,x86_64-linux
hyperfine-v1.12.0-aarch64-unknown-linux-gnu.tar.gz,aarch64-linux
hyperfine-v1.12.0-x86_64-apple-darwin.tar.gz,x86_64-macos
hyperfine-v1.12.0-x86_64-unknown-linux-gnu.tar.gz,x86_64-linux
hyperfine-v1.13.0-aarch64-unknown-linux-gnu.tar.gz,aarch64-linux
hyperfine-v1.13.0-x86_64-apple-darwin.tar.gz,x86_64-macos
hyperfine-v1.13.0-x86_64-unknown-linux-gnu.tar.gz,x86_64-linux
hyperfine-v1.14.0-aarch64-unknown-linux-gnu.tar.gz,aarch64-linux
hyperfine-v1.14.0-x86_64-apple-darwin.tar.gz,x86_64-macos
hyperfine-v1.14.0-x86_64-pc-windows-msvc.zip,x86_64-windows
hyperfine-v1.14.0-x86_64-unknown-linux-musl.tar.gz,x86_64-linux
hyperfine-v1.15.0-aarch64-unknown-linux-gnu.tar.gz,aarch64-linux
hyperfine-v1.15.0-i686-pc-windows-msvc.zip,x86-windows
hyperfine-v1.15.0-i686-unknown-linux-musl.tar.gz,x86-linux
hyperfine-v1.15.0-x86_64-apple-darwin.tar.gz,x86_64-macos
hyperfine-v1.15.0-x86_64-pc-windows-msvc.zip,x86_64-windows
hyperfine-v1.15.0-x86_64-unknown-linux-musl.tar.gz,x86_64-linux
jless-v0.8.0-x86_64-apple-darwin.zip,x86_64-macos
jless-v0.8.0-x86_64-unknown-linux-gnu.zip,x86_64-linux
just-1.2.0-aarch64-apple-darwin.tar.gz,aarch64-macos
just-1.2.0-aarch64-unknown-linux-musl.tar.gz,aarch64-linux
just-1.2.0-x86_64-apple-darwin.tar.gz,x86_64-macos
just-1.2.0-x86_64-pc-windows-msvc.zip,x86_64-windows
just-1.2.0-x86_64-unknown-linux-musl.tar.gz,x86_64-linux
just-1.3.0-aarch64-apple-darwin.tar.gz,aarch64-macos
just-1.3.0-aarch64-unknown-linux-musl.tar.gz,aarch64-linux
just-1.3.0-x86_64-apple-darwin.tar.gz,x86_64-macos
just-1.3.0-x86_64-pc-windows-msvc.zip,x86_64-windows
just-1.3.0-x86_64-unknown-linux-musl.tar.gz,x86_64-linux
just-1.4.0-aarch64-apple-darwin.tar.gz,aarch64-macos
just-1.4.0-aarch64-unknown-linux-musl.tar.gz,aarch64-linux
just-1.4.0-x86_64-apple-darwin.tar.gz,x86_64-macos
just-1.4.0-x86_64-pc-windows-msvc.zip,x86_64-windows
just-1.4.0-x86_64-unknown-linux-musl.tar.gz,x86_64-linux
just-1.5.0-aarch64-apple-darwin.tar.gz,aarch64-macos
just-1.5.0-aarch64-unknown-linux-musl.tar.gz,aarch64-linux
just-1.5.0-x86_64-apple-darwin.tar.gz,x86_64-macos
just-1.5.0-x86_64-pc-windows-msvc.zip,x86_64-windows
just-1.5.0-x86_64-unknown-linux-musl.tar.gz,x86_64-linux
just-1.7.0-aarch64-apple-darwin.tar.gz,aarch64-macos
just-1.7.0-aarch64-unknown-linux-musl.tar.gz,aarch64-linux
just-1.7.0-x86_64-apple-darwin.tar.gz,x86_64-macos
just-1.7.0-x86_64-pc-windows-msvc.zip,x86_64-windows
just-1.7.0-x86_64-unknown-linux-musl.tar.gz,x86_64-linux
just-1.8.0-aarch64-apple-darwin.tar.gz,aarch64-macos
just-1.8.0-aarch64-unknown-linux-musl.tar.gz,aarch64-linux
just-1.8.0-x86_64-apple-darwin.tar.gz,x86_64-macos
just-1.8.0-x86_64-pc-windows-msvc.zip,x86_64-windows
just-1.8.0-x86_64-unknown-linux-musl.tar.gz,x86_64-linux
just-1.9.0-aarch64-apple-darwin.tar.gz,aarch64-macos
just-1.9.0-aarch64-unknown-linux-musl.tar.gz,aarch64-linux
just-1.9.0-x86_64-apple-darwin.tar.gz,x86_64-macos
just-1.9.0-x86_64-pc-windows-msvc.zip,x86_64-windows
just-1.9.0-x86_64-unknown-linux-musl.tar.gz,x86_64-linux
lazydocker_0.20.0_darwin_arm64.tar.gz,aarch64-macos
lazydocker_0.20.0_darwin_x86_64.tar.gz,x86_64-macos
lazydocker_0.20.0_linux_arm64.tar.gz,aarch64-linux
lazydocker_0.20.0_linux_x86_64.tar.gz,x86_64-linux
lazydocker_0.20.0_linux_x86.tar.gz,x86-linux
lazydocker_0.20.0_windows_arm64.zip,aarch64-windows
lazydocker_0.20.0_windows_x86_64.zip,x86_64-windows
lazydocker_0.20.0_windows_x86.zip,x86-windows
lurk-x86_64-unknown-linux-gnu.tar.gz,x86_64-linux
lychee-v0.10.1-aarch64-unknown-linux-gnu.tar.gz,aarch64-linux
lychee-v0.10.1-windows-x86_64.exe,x86_64-windows
lychee-v0.10.1-x86_64-unknown-linux-musl.tar.gz,x86_64-linux
lychee-v0.10.3-aarch64-unknown-linux-gnu.tar.gz,aarch64-linux
lychee-v0.10.3-windows-x86_64.exe,x86_64-windows
lychee-v0.10.3-x86_64-unknown-linux-musl.tar.gz,x86_64-linux
miniserve-0.22.0-aarch64-unknown-linux-musl,aarch64-linux
miniserve-0.22.0-x86_64-apple-darwin,x86_64-macos
miniserve-0.22.0-x86_64-pc-windows-msvc.exe,x86_64-windows
miniserve-0.22.0-x86_64-unknown-linux-musl,x86_64-linux
miniserve-v0.20.0-x86_64-pc-windows-msvc.exe,x86_64-windows
miniserve-v0.20.0-x86_64-unknown-linux-musl,x86_64-linux
ncspot-v0.10.0-linux-arm64.tar.gz,aarch64-linux
ncspot-v0.10.0-linux-x86_64.tar.gz,x86_64-linux
ncspot-v0.10.0-macos-x86_64.tar.gz,x86_64-macos
ncspot-v0.10.0-windows-x86_64.zip,x86_64-windows
ncspot-v0.10.1-linux-arm64.tar.gz,aarch64-linux
ncspot-v0.10.1-linux-x86_64.tar.gz,x86_64-linux
ncspot-v0.10.1-macos-x86_64.tar.gz,x86_64-macos
ncspot-v0.10.1-windows-x86_64.zip,x86_64-windows
ncspot-v0.11.0-linux-arm64.tar.gz,aarch64-linux
ncspot-v0.11.0-linux-x86_64.tar.gz,x86_64-linux
ncspot-v0.11.0-macos-x86_64.tar.gz,x86_64-macos
ncspot-v0.11.0-windows-x86_64.zip,x86_64-windows
ncspot-v0.11.1-linux-arm64.tar.gz,aarch64-linux
ncspot-v0.11.1-linux-x86_64.tar.gz,x86_64-linux
ncspot-v0.11.1-macos-x86_64.tar.gz,x86_64-macos
ncspot-v0.11.1-windows-x86_64.zip,x86_64-windows
ncspot-v0.11.2-linux-arm64.tar.gz,aarch64-linux
ncspot-v0.11.2-linux-x86_64.tar.gz,x86_64-linux
ncspot-v0.11.2-macos-x86_64.tar.gz,x86_64-macos
ncspot-v0.11.2-windows-x86_64.zip,x86_64-windows
node-v16.16.0-darwin-arm64.tar.gz,aarch64-macos
node-v16.16.0-darwin-x64.tar.gz,x86_64-macos
node-v16.16.0-linux-arm64.tar.xz,aarch64-linux
node-v16.16.0-linux-x64.tar.xz,x86_64-linux
nu-0.64.0-x86_64-unknown-linux-gnu.tar.gz,x86_64-linux
nu-0.65.0-aarch64-apple-darwin.tar.gz,aarch64-macos
nu-0.65.0-aarch64-unknown-linux-gnu.tar.gz,aarch64-linux
nu-0.65.0-x86_64-apple-darwin.tar.gz,x86_64-macos
nu-0.65.0-x86_64-pc-windows-msvc.zip,x86_64-windows
nu-0.65.0-x86_64-unknown-linux-musl.tar.gz,x86_64-linux
nu-0.66.1-aarch64-apple-darwin.tar.gz,aarch64-macos
nu-0.66.1-aarch64-unknown-linux-gnu.tar.gz,aarch64-linux
nu-0.66.1-x86_64-apple-darwin.tar.gz,x86_64-macos
nu-0.66.1-x86_64-pc-windows-msvc.zip,x86_64-windows
nu-0.66.1-x86_64-unknown-linux-musl.tar.gz,x86_64-linux
nu-0.66.2-aarch64-apple-darwin.tar.gz,aarch64-macos
nu-0.66.2-aarch64-unknown-linux-gnu.tar.gz,aarch64-linux
nu-0.66.2-x86_64-apple-darwin.tar.gz,x86_64-macos
nu-0.66.2-x86_64-pc-windows-msvc.zip,x86_64-windows
nu-0.66.2-x86_64-unknown-linux-musl.tar.gz,x86_64-linux
nu-0.67.0-aarch64-apple-darwin.tar.gz,aarch64-macos
nu-0.67.0-aarch64-unknown-linux-gnu.tar.gz,aarch64-linux
nu-0.67.0-x86_64-apple-darwin.tar.gz,x86_64-macos
nu-0.67.0-x86_64-pc-windows-msvc.zip,x86_64-windows
nu-0.67.0-x86_64-unknown-linux-musl.tar.gz,x86_64-linux
nu-0.68.0-aarch64-apple-darwin.tar.gz,aarch64-macos
nu-0.68.0-aarch64-unknown-linux-gnu.tar.gz,aarch64-linux
nu-0.68.0-x86_64-apple-darwin.tar.gz,x86_64-macos
nu-0.68.0-x86_64-pc-windows-msvc.zip,x86_64-windows
nu-0.68.0-x86_64-unknown-linux-musl.tar.gz,x86_64-linux
nu-0.68.1-aarch64-apple-darwin.tar.gz,aarch64-macos
nu-0.68.1-aarch64-unknown-linux-gnu.tar.gz,aarch64-linux
nu-0.68.1-x86_64-apple-darwin.tar.gz,x86_64-macos
nu-0.68.1-x86_64-pc-windows-msvc.zip,x86_64-windows
nu-0.68.1-x86_64-unknown-linux-musl.tar.gz,x86_64-linux
nu-0.69.1-aarch64-apple-darwin.tar.gz,aarch64-macos
nu-0.69.1-aarch64-unknown-linux-gnu.tar.gz,aarch64-linux
nu-0.69.1-x86_64-apple-darwin.tar.gz,x86_64-macos
nu-0.69.1-x86_64-pc-windows-msvc.zip,x86_64-windows
nu-0.69.1-x86_64-unknown-linux-musl.tar.gz,x86_64-linux
nu-0.70.0-aarch64-apple-darwin.tar.gz,aarch64-macos
nu-0.70.0-aarch64-unknown-linux-gnu.tar.gz,aarch64-linux
nu-0.70.0-x86_64-apple-darwin.tar.gz,x86_64-macos
nu-0.70.0-x86_64-pc-windows-msvc.zip,x86_64-windows
nu-0.70.0-x86_64-unknown-linux-musl.tar.gz,x86_64-linux
nu-0.71.0-aarch64-apple-darwin.tar.gz,aarch64-macos
nu-0.71.0-aarch64-unknown-linux-gnu.tar.gz,aarch64-linux
nu-0.71.0-x86_64-apple-darwin.tar.gz,x86_64-macos
nu-0.71.0-x86_64-pc-windows-msvc.zip,x86_64-windows
nu-0.71.0-x86_64-unknown-linux-musl.tar.gz,x86_64-linux
nu-0.72.0-aarch64-apple-darwin.tar.gz,aarch64-macos
nu-0.72.0-aarch64-unknown-linux-gnu.tar.gz,aarch64-linux
nu-0.72.0-x86_64-apple-darwin.tar.gz,x86_64-macos
nu-0.72.0-x86_64-pc-windows-msvc.zip,x86_64-windows
nu-0.72.0-x86_64-unknown-linux-musl.tar.gz,x86_64-linux
nu-0.72.1-aarch64-apple-darwin.tar.gz,aarch64-macos
nu-0.72.1-aarch64-unknown-linux-gnu.tar.gz,aarch64-linux
nu-0.72.1-x86_64-apple-darwin.tar.gz,x86_64-macos
nu-0.72.1-x86_64-pc-windows-msvc.zip,x86_64-windows
nu-0.72.1-x86_64-unknown-linux-musl.tar.gz,x86_64-linux
nu-0.73.0-aarch64-apple-darwin.tar.gz,aarch64-macos
nu-0.73.0-aarch64-unknown-linux-gnu.tar.gz,aarch64-linux
nu-0.73.0-x86_64-apple-darwin.tar.gz,x86_64-macos
nu-0.73.0-x86_64-pc-windows-msvc.zip,x86_64-windows
nu-0.73.0-x86_64-unknown-linux-musl.tar.gz,x86_64-linux
pandoc-2.18-linux-amd64.tar.gz,x86_64-linux
pandoc-2.18-linux-arm64.tar.gz,aarch64-linux
pandoc-2.18-windows-x86_64.zip,x86_64-windows
pandoc-2.19.1-linux-amd64.tar.gz,x86_64-linux
pandoc-2.19.1-linux-arm64.tar.gz,aarch64-linux
pandoc-2.19.1-windows-x86_64.zip,x86_64-windows
pandoc-2.19.2-linux-amd64.tar.gz,x86_64-linux
pandoc-2.19.2-linux-arm64.tar.gz,aarch64-linux
pandoc-2.19.2-windows-x86_64.zip,x86_64-windows
pandoc-2.19-linux-amd64.tar.gz,x86_64-linux
pandoc-2.19-linux-arm64.tar.gz,aarch64-linux
pandoc-2.19-windows-x86_64.zip,x86_64-windows
rclone-v1.59.0-linux-386.zip,x86-linux
rclone-v1.59.0-linux-amd64.zip,x86_64-linux
rclone-v1.59.0-linux-arm64.zip,aarch64-linux
rclone-v1.59.0-windows-386.zip,x86-windows
rclone-v1.59.0-windows-amd64.zip,x86_64-windows
rclone-v1.59.0-windows-arm64.zip,aarch64-windows
rclone-v1.59.1-linux-386.zip,x86-linux
rclone-v1.59.1-linux-amd64.zip,x86_64-linux
rclone-v1.59.1-linux-arm64.zip,aarch64-linux
rclone-v1.59.1-windows-386.zip,x86-windows
rclone-v1.59.1-windows-amd64.zip,x86_64-windows
rclone-v1.59.1-windows-arm64.zip,aarch64-windows
rclone-v1.59.2-linux-386.zip,x86-linux
rclone-v1.59.2-linux-amd64.zip,x86_64-linux
rclone-v1.59.2-linux-arm64.zip,aarch64-linux
rclone-v1.59.2-windows-386.zip,x86-windows
rclone-v1.59.2-windows-amd64.zip,x86_64-windows
rclone-v1.59.2-windows-arm64.zip,aarch64-windows
rclone-v1.60.0-linux-386.zip,x86-linux
rclone-v1.60.0-linux-amd64.zip,x86_64-linux
rclone-v1.60.0-linux-arm64.zip,aarch64-linux
rclone-v1.60.0-windows-386.zip,x86-windows
rclone-v1.60.0-windows-amd64.zip,x86_64-windows
rclone-v1.60.0-windows-arm64.zip,aarch64-windows
rclone-v1.60.1-linux-386.zip,x86-linux
rclone-v1.60.1-linux-amd64.zip,x86_64-linux
rclone-v1.60.1-linux-arm64.zip,aarch64-linux
rclone-v1.60.1-windows-386.zip,x86-windows
rclone-v1.60.1-windows-amd64.zip,x86_64-windows
rclone-v1.60.1-windows-arm64.zip,aarch64-windows
rclone-v1.61.0-linux-386.zip,x86-linux
rclone-v1.61.0-linux-amd64.zip,x86_64-linux
rclone-v1.61.0-linux-arm64.zip,aarch64-linux
rclone-v1.61.0-windows-386.zip,x86-windows
rclone-v1.61.0-windows-amd64.zip,x86_64-windows
rclone-v1.61.0-windows-arm64.zip,aarch64-windows
ripgrep-13.0.0-i686-pc-windows-msvc.zip,x86-windows
ripgrep-13.0.0-x86_64-unknown-linux-musl.tar.gz,x86_64-linux
sd-v0.7.6-x86_64-apple-darwin,x86_64-macos
sd-v0.7.6-x86_64-unknown-linux-musl,x86_64-linux
skim-v0.9.4-x86_64-apple-darwin.tar.gz,x86_64-macos
skim-v0.9.4-x86_64-unknown-linux-musl.tar.gz,x86_64-linux
starship-aarch64-apple-darwin.tar.gz,aarch64-macos
starship-aarch64-pc-windows-msvc.zip,aarch64-windows
starship-aarch64-unknown-linux-musl.tar.gz,aarch64-linux
starship-i686-pc-windows-msvc.zip,x86-windows
starship-i686-unknown-linux-musl.tar.gz,x86-linux
starship-x86_64-apple-darwin.tar.gz,x86_64-macos
starship-x86_64-pc-windows-msvc.zip,x86_64-windows
starship-x86_64-unknown-linux-gnu.tar.gz,x86_64-linux
starship-x86_64-unknown-linux-musl.tar.gz,x86_64-linux
syncthing-linux-386-v1.20.3.tar.gz,x86-linux
syncthing-linux-386-v1.20.4.tar.gz,x86-linux
syncthing-linux-386-v1.21.0.tar.gz,x86-linux
syncthing-linux-386-v1.22.0.tar.gz,x86-linux
syncthing-linux-386-v1.22.1.tar.gz,x86-linux
syncthing-linux-386-v1.22.2.tar.gz,x86-linux
syncthing-linux-amd64-v1.20.3.tar.gz,x86_64-linux
syncthing-linux-amd64-v1.20.4.tar.gz,x86_64-linux
syncthing-linux-amd64-v1.21.0.tar.gz,x86_64-linux
syncthing-linux-amd64-v1.22.0.tar.gz,x86_64-linux
syncthing-linux-amd64-v1.22.1.tar.gz,x86_64-linux
syncthing-linux-amd64-v1.22.2.tar.gz,x86_64-linux
syncthing-linux-arm64-v1.20.3.tar.gz,aarch64-linux
syncthing-linux-arm64-v1.20.4.tar.gz,aarch64-linux
syncthing-linux-arm64-v1.21.0.tar.gz,aarch64-linux
syncthing-linux-arm64-v1.22.0.tar.gz,aarch64-linux
syncthing-linux-arm64-v1.22.1.tar.gz,aarch64-linux
syncthing-linux-arm64-v1.22.2.tar.gz,aarch64-linux
syncthing-macos-amd64-v1.20.4.zip,x86_64-macos
syncthing-macos-amd64-v1.21.0.zip,x86_64-macos
syncthing-macos-amd64-v1.22.0.zip,x86_64-macos
syncthing-macos-amd64-v1.22.1.zip,x86_64-macos
syncthing-macos-amd64-v1.22.2.zip,x86_64-macos
syncthing-macos-arm64-v1.20.4.zip,aarch64-macos
syncthing-macos-arm64-v1.21.0.zip,aarch64-macos
syncthing-macos-arm64-v1.22.0.zip,aarch64-macos
syncthing-macos-arm64-v1.22.1.zip,aarch64-macos
syncthing-macos-arm64-v1.22.2.zip,aarch64-macos
syncthing-macos-universal-v1.20.3.zip,any-macos
syncthing-macos-universal-v1.20.4.zip,any-macos
syncthing-macos-universal-v1.21.0.zip,any-macos
syncthing-macos-universal-v1.22.0.zip,any-macos
syncthing-macos-universal-v1.22.1.zip,any-macos
syncthing-macos-universal-v1.22.2.zip,any-macos
syncthing-windows-386-v1.20.3.zip,x86-windows
syncthing-windows-386-v1.20.4.zip,x86-windows
syncthing-windows-386-v1.21.0.zip,x86-windows
syncthing-windows-386-v1.22.0.zip,x86-windows
syncthing-windows-386-v1.22.1.zip,x86-windows
syncthing-windows-386-v1.22.2.zip,x86-windows
syncthing-windows-amd64-v1.20.3.zip,x86_64-windows
syncthing-windows-amd64-v1.20.4.zip,x86_64-windows
syncthing-windows-amd64-v1.21.0.zip,x86_64-windows
syncthing-windows-amd64-v1.22.0.zip,x86_64-windows
syncthing-windows-amd64-v1.22.1.zip,x86_64-windows
syncthing-windows-amd64-v1.22.2.zip,x86_64-windows
syncthing-windows-arm64-v1.20.3.zip,aarch64-windows
syncthing-windows-arm64-v1.20.4.zip,aarch64-windows
syncthing-windows-arm64-v1.21.0.zip,aarch64-windows
syncthing-windows-arm64-v1.22.0.zip,aarch64-windows
syncthing-windows-arm64-v1.22.1.zip,aarch64-windows
syncthing-windows-arm64-v1.22.2.zip,aarch64-windows
tidy-viewer-1.4.30-i686-pc-windows-msvc.zip,x86-windows
tidy-viewer-1.4.30-x86_64-apple-darwin.tar.gz,x86_64-macos
tidy-viewer-1.4.30-x86_64-pc-windows-msvc.zip,x86_64-windows
tidy-viewer-1.4.30-x86_64-unknown-linux-musl.tar.gz,x86_64-linux
tiled-1.9.2_linux_x86_64.appimage,x86_64-linux
wtf_0.41.0_darwin_amd64.tar.gz,x86_64-macos
wtf_0.41.0_darwin_arm64.tar.gz,aarch64-macos
wtf_0.41.0_linux_amd64.tar.gz,x86_64-linux
wtf_0.41.0_linux_arm64.tar.gz,aarch64-linux
wtf_0.42.0_darwin_amd64.tar.gz,x86_64-macos
wtf_0.42.0_darwin_arm64.tar.gz,aarch64-macos
wtf_0.42.0_linux_amd64.tar.gz,x86_64-linux
wtf_0.42.0_linux_arm64.tar.gz,aarch64-linux
xh-v0.16.1-aarch64-unknown-linux-musl.tar.gz,aarch64-linux
xh-v0.16.1-x86_64-apple-darwin.tar.gz,x86_64-macos
xh-v0.16.1-x86_64-pc-windows-msvc.zip,x86_64-windows
xh-v0.16.1-x86_64-unknown-linux-musl.tar.gz,x86_64-linux
xh-v0.17.0-aarch64-unknown-linux-musl.tar.gz,aarch64-linux
xh-v0.17.0-x86_64-apple-darwin.tar.gz,x86_64-macos
xh-v0.17.0-x86_64-pc-windows-msvc.zip,x86_64-windows
xh-v0.17.0-x86_64-unknown-linux-musl.tar.gz,x86_64-linux
xsv-0.13.0-i686-pc-windows-msvc.zip,x86-windows
xsv-0.13.0-i686-unknown-linux-musl.tar.gz,x86-linux
xsv-0.13.0-x86_64-apple-darwin.tar.gz,x86_64-macos
xsv-0.13.0-x86_64-pc-windows-msvc.zip,x86_64-windows
xsv-0.13.0-x86_64-unknown-linux-musl.tar.gz,x86_64-linux
